{"cameraMode":{"drawMode":0,"name":"Shaded","section":"Shading Mode"},"sceneLighting":false,"audioPlay":false,"sceneViewState":{"showFog":true,"showMaterialUpdate":true,"showSkybox":true,"showFlares":true,"showImageEffects":true,"showParticleSystems":true},"in2DMode":false,"pivot":{"x":-91.57696533203125,"y":238.86048889160157,"z":195.81533813476563},"rotation":{"x":-0.25778377056121828,"y":0.6537216901779175,"z":-0.2534796893596649,"w":-0.664792537689209},"size":17.99266815185547,"orthographic":false}