{"cameraMode":{"drawMode":0,"name":"Shaded","section":"Shading Mode"},"sceneLighting":false,"audioPlay":false,"sceneViewState":{"showFog":true,"showMaterialUpdate":true,"showSkybox":false,"showFlares":true,"showImageEffects":true,"showParticleSystems":true},"in2DMode":false,"pivot":{"x":-67.24807739257813,"y":255.7464599609375,"z":149.3351287841797},"rotation":{"x":-0.23943230509757996,"y":-0.6853260397911072,"z":0.25765618681907656,"w":-0.6377058625221252},"size":0.49076974391937258,"orthographic":false}