{"cameraMode":{"drawMode":0,"name":"Shaded","section":"Shading Mode"},"sceneLighting":false,"audioPlay":false,"sceneViewState":{"showFog":true,"showMaterialUpdate":true,"showSkybox":false,"showFlares":true,"showImageEffects":true,"showParticleSystems":true},"in2DMode":false,"pivot":{"x":13.3233003616333,"y":0.7537474632263184,"z":-67.73983001708985},"rotation":{"x":0.09600111097097397,"y":0.8899727463722229,"z":-0.38727283477783205,"w":0.2209184318780899},"size":2.442155361175537,"orthographic":false}