{"cameraMode":{"drawMode":0,"name":"Shaded","section":"Shading Mode"},"sceneLighting":false,"audioPlay":false,"sceneViewState":{"showFog":true,"showMaterialUpdate":false,"showSkybox":true,"showFlares":true,"showImageEffects":true,"showParticleSystems":true},"in2DMode":false,"pivot":{"x":-20.243215560913087,"y":256.82427978515627,"z":214.57406616210938},"rotation":{"x":0.06553059816360474,"y":-0.9223405718803406,"z":0.3355276584625244,"w":0.18010595440864564},"size":18.974327087402345,"orthographic":false}