{"cameraMode":{"drawMode":0,"name":"Shaded","section":"Shading Mode"},"sceneLighting":false,"audioPlay":false,"sceneViewState":{"showFog":true,"showMaterialUpdate":true,"showSkybox":true,"showFlares":true,"showImageEffects":true,"showParticleSystems":true},"in2DMode":false,"pivot":{"x":-66.2778091430664,"y":257.5632629394531,"z":168.9170379638672},"rotation":{"x":-0.6150335669517517,"y":0.001676923711784184,"z":-0.0011753919534385205,"w":-0.7885323166847229},"size":3.9556989669799806,"orthographic":false}