{"cameraMode":{"drawMode":0,"name":"Shaded","section":"Shading Mode"},"sceneLighting":false,"audioPlay":false,"sceneViewState":{"showFog":true,"showMaterialUpdate":true,"showSkybox":false,"showFlares":true,"showImageEffects":true,"showParticleSystems":true},"in2DMode":false,"pivot":{"x":-59.37692642211914,"y":255.68023681640626,"z":135.0509490966797},"rotation":{"x":-0.14726604521274568,"y":0.8513020277023315,"z":-0.32712066173553469,"w":-0.3829402029514313},"size":4.18282413482666,"orthographic":false}