{"cameraMode":{"drawMode":0,"name":"Shaded","section":"Shading Mode"},"sceneLighting":false,"audioPlay":false,"sceneViewState":{"showFog":true,"showMaterialUpdate":true,"showSkybox":true,"showFlares":true,"showImageEffects":true,"showParticleSystems":true},"in2DMode":false,"pivot":{"x":-21.83087158203125,"y":256.8663024902344,"z":220.98220825195313},"rotation":{"x":-0.4116082191467285,"y":-0.3732105791568756,"z":0.18977811932563783,"w":-0.8094964623451233},"size":3.6319546699523927,"orthographic":false}