{"cameraMode":{"drawMode":0,"name":"Shaded","section":"Shading Mode"},"sceneLighting":false,"audioPlay":false,"sceneViewState":{"showFog":true,"showMaterialUpdate":false,"showSkybox":false,"showFlares":true,"showImageEffects":true,"showParticleSystems":true},"in2DMode":false,"pivot":{"x":-73.71575927734375,"y":257.9402770996094,"z":196.80209350585938},"rotation":{"x":-0.22010517120361329,"y":-0.3023946285247803,"z":0.09128763526678086,"w":-0.9229220151901245},"size":6.689296722412109,"orthographic":false}