{"cameraMode":{"drawMode":0,"name":"Shaded","section":"Shading Mode"},"sceneLighting":false,"audioPlay":false,"sceneViewState":{"showFog":true,"showMaterialUpdate":true,"showSkybox":false,"showFlares":true,"showImageEffects":true,"showParticleSystems":true},"in2DMode":false,"pivot":{"x":-24.239999771118165,"y":254.80679321289063,"z":229.00999450683595},"rotation":{"x":-0.2452695071697235,"y":-0.6356971263885498,"z":0.22373650968074799,"w":-0.6969060897827148},"size":1.9596879482269288,"orthographic":false}