{"cameraMode":{"drawMode":0,"name":"Shaded","section":"Shading Mode"},"sceneLighting":false,"audioPlay":false,"sceneViewState":{"showFog":true,"showMaterialUpdate":true,"showSkybox":false,"showFlares":true,"showImageEffects":true,"showParticleSystems":true},"in2DMode":false,"pivot":{"x":-74.40413665771485,"y":255.1826171875,"z":134.4730987548828},"rotation":{"x":0.18647639453411103,"y":0.6973348259925842,"z":-0.19595392048358918,"w":0.6637794375419617},"size":1.5243685245513917,"orthographic":false}