{"cameraMode":{"drawMode":0,"name":"Shaded","section":"Shading Mode"},"sceneLighting":false,"audioPlay":false,"sceneViewState":{"showFog":true,"showMaterialUpdate":true,"showSkybox":false,"showFlares":true,"showImageEffects":true,"showParticleSystems":true},"in2DMode":false,"pivot":{"x":74.14383697509766,"y":-257.81304931640627,"z":348.40185546875},"rotation":{"x":0.18659888207912446,"y":0.7120052576065064,"z":-0.6448050737380981,"w":0.2060590535402298},"size":1054.6143798828125,"orthographic":false}