{"cameraMode":{"drawMode":0,"name":"Shaded","section":"Shading Mode"},"sceneLighting":false,"audioPlay":false,"sceneViewState":{"showFog":true,"showMaterialUpdate":true,"showSkybox":true,"showFlares":true,"showImageEffects":true,"showParticleSystems":true},"in2DMode":false,"pivot":{"x":-101.48999786376953,"y":254.5,"z":200.9600067138672},"rotation":{"x":0.1754920780658722,"y":-0.7423396706581116,"z":0.21337254345417024,"w":0.6104295253753662},"size":32.809234619140628,"orthographic":false}