{"cameraMode":{"drawMode":0,"name":"Shaded","section":"Shading Mode"},"sceneLighting":false,"audioPlay":false,"sceneViewState":{"showFog":true,"showMaterialUpdate":true,"showSkybox":false,"showFlares":true,"showImageEffects":true,"showParticleSystems":true},"in2DMode":false,"pivot":{"x":5.677971363067627,"y":2.3747262954711916,"z":-32.597694396972659},"rotation":{"x":-0.1403692066669464,"y":0.8549758195877075,"z":-0.30086106061935427,"w":-0.39855900406837466},"size":3.583841562271118,"orthographic":false}