{"cameraMode":{"drawMode":0,"name":"Shaded","section":"Shading Mode"},"sceneLighting":false,"audioPlay":false,"sceneViewState":{"showFog":true,"showMaterialUpdate":true,"showSkybox":false,"showFlares":true,"showImageEffects":true,"showParticleSystems":true},"in2DMode":false,"pivot":{"x":-3.323193073272705,"y":-2.360440254211426,"z":-1.7728965282440186},"rotation":{"x":0.1542951613664627,"y":0.3721962571144104,"z":-0.0629187822341919,"w":0.9131016135215759},"size":2.1633999347686769,"orthographic":false}