{"cameraMode":{"drawMode":0,"name":"Shaded","section":"Shading Mode"},"sceneLighting":false,"audioPlay":false,"sceneViewState":{"showFog":true,"showMaterialUpdate":true,"showSkybox":true,"showFlares":true,"showImageEffects":true,"showParticleSystems":true},"in2DMode":false,"pivot":{"x":-20.886226654052736,"y":256.25213623046877,"z":225.31033325195313},"rotation":{"x":0.21502825617790223,"y":0.04042023420333862,"z":-0.008934234268963337,"w":0.9757403135299683},"size":4.479040145874023,"orthographic":false}