{"cameraMode":{"drawMode":0,"name":"Shaded","section":"Shading Mode"},"sceneLighting":false,"audioPlay":false,"sceneViewState":{"showFog":true,"showMaterialUpdate":true,"showSkybox":true,"showFlares":true,"showImageEffects":true,"showParticleSystems":true},"in2DMode":false,"pivot":{"x":-22.955703735351564,"y":256.0435485839844,"z":223.57965087890626},"rotation":{"x":-0.2380678802728653,"y":-0.6600189805030823,"z":0.23340961337089539,"w":-0.6732180118560791},"size":1.9596998691558838,"orthographic":false}