{"cameraMode":{"drawMode":0,"name":"Shaded","section":"Shading Mode"},"sceneLighting":false,"audioPlay":false,"sceneViewState":{"showFog":true,"showMaterialUpdate":true,"showSkybox":true,"showFlares":true,"showImageEffects":true,"showParticleSystems":true},"in2DMode":false,"pivot":{"x":-95.68474578857422,"y":256.35955810546877,"z":198.99459838867188},"rotation":{"x":0.076715387403965,"y":-0.9198919534683228,"z":0.227455273270607,"w":0.3101586699485779},"size":7.78908109664917,"orthographic":false}