{"cameraMode":{"drawMode":0,"name":"Shaded","section":"Shading Mode"},"sceneLighting":false,"audioPlay":false,"sceneViewState":{"showFog":true,"showMaterialUpdate":false,"showSkybox":true,"showFlares":true,"showImageEffects":true,"showParticleSystems":true},"in2DMode":false,"pivot":{"x":-30.37248420715332,"y":252.96029663085938,"z":153.25418090820313},"rotation":{"x":0.051459260284900668,"y":0.8726191520690918,"z":-0.47649654746055605,"w":0.09426824748516083},"size":18.82579803466797,"orthographic":false}