{"cameraMode":{"drawMode":0,"name":"Shaded","section":"Shading Mode"},"sceneLighting":true,"audioPlay":false,"sceneViewState":{"showFog":true,"showMaterialUpdate":false,"showSkybox":false,"showFlares":true,"showImageEffects":true,"showParticleSystems":true},"in2DMode":false,"pivot":{"x":1.1004791259765626,"y":1.9726219177246094,"z":6.163482666015625},"rotation":{"x":0.09134839475154877,"y":-0.8309265971183777,"z":0.10819005221128464,"w":0.5380658507347107},"size":471.8077087402344,"orthographic":false}