{"cameraMode":{"drawMode":0,"name":"Shaded","section":"Shading Mode"},"sceneLighting":false,"audioPlay":false,"sceneViewState":{"showFog":true,"showMaterialUpdate":false,"showSkybox":true,"showFlares":true,"showImageEffects":true,"showParticleSystems":true},"in2DMode":false,"pivot":{"x":-75.29989624023438,"y":252.8309326171875,"z":185.933349609375},"rotation":{"x":0.21235471963882447,"y":0.787588894367218,"z":-0.41186439990997317,"w":0.40620407462120058},"size":12.513925552368164,"orthographic":false}