{"cameraMode":{"drawMode":0,"name":"Shaded","section":"Shading Mode"},"sceneLighting":false,"audioPlay":false,"sceneViewState":{"showFog":true,"showMaterialUpdate":false,"showSkybox":false,"showFlares":true,"showImageEffects":true,"showParticleSystems":true},"in2DMode":false,"pivot":{"x":318.00213623046877,"y":2.7321879863739015,"z":110.68956756591797},"rotation":{"x":0.3093191981315613,"y":0.4395664930343628,"z":-0.1863481104373932,"w":0.8224362730979919},"size":7.442984104156494,"orthographic":false}