{"cameraMode":{"drawMode":0,"name":"Shaded","section":"Shading Mode"},"sceneLighting":false,"audioPlay":false,"sceneViewState":{"showFog":true,"showMaterialUpdate":true,"showSkybox":true,"showFlares":true,"showImageEffects":true,"showParticleSystems":true},"in2DMode":false,"pivot":{"x":-53.89559555053711,"y":256.8680725097656,"z":119.30579376220703},"rotation":{"x":0.13521172106266023,"y":-0.8061702251434326,"z":0.20185787975788117,"w":0.5395490527153015},"size":7.610044002532959,"orthographic":false}