{"cameraMode":{"drawMode":0,"name":"Shaded","section":"Shading Mode"},"sceneLighting":false,"audioPlay":false,"sceneViewState":{"showFog":true,"showMaterialUpdate":true,"showSkybox":true,"showFlares":true,"showImageEffects":true,"showParticleSystems":true},"in2DMode":false,"pivot":{"x":-53.458675384521487,"y":255.71536254882813,"z":107.99134063720703},"rotation":{"x":0.5344676375389099,"y":-0.11085418611764908,"z":0.0708833560347557,"w":0.834915041923523},"size":63.11468505859375,"orthographic":false}