{"cameraMode":{"drawMode":0,"name":"Shaded","section":"Shading Mode"},"sceneLighting":false,"audioPlay":false,"sceneViewState":{"showFog":true,"showMaterialUpdate":false,"showSkybox":true,"showFlares":true,"showImageEffects":true,"showParticleSystems":true},"in2DMode":false,"pivot":{"x":-22.704500198364259,"y":255.23666381835938,"z":226.90289306640626},"rotation":{"x":-0.33271652460098269,"y":-0.3972608745098114,"z":0.15715497732162476,"w":-0.8407420516014099},"size":4.4089226722717289,"orthographic":false}