{"cameraMode":{"drawMode":0,"name":"Shaded","section":"Shading Mode"},"sceneLighting":false,"audioPlay":false,"sceneViewState":{"showFog":true,"showMaterialUpdate":false,"showSkybox":false,"showFlares":true,"showImageEffects":true,"showParticleSystems":true},"in2DMode":false,"pivot":{"x":-72.47515869140625,"y":255.6142578125,"z":195.76992797851563},"rotation":{"x":-0.22010517120361329,"y":-0.3023946285247803,"z":0.09128763526678086,"w":-0.9229220151901245},"size":3.4102025032043459,"orthographic":false}