{"cameraMode":{"drawMode":0,"name":"Shaded","section":"Shading Mode"},"sceneLighting":false,"audioPlay":false,"sceneViewState":{"showFog":true,"showMaterialUpdate":true,"showSkybox":true,"showFlares":true,"showImageEffects":true,"showParticleSystems":true},"in2DMode":false,"pivot":{"x":-95.54942321777344,"y":261.3784484863281,"z":207.29649353027345},"rotation":{"x":0.10462090373039246,"y":-0.8358800411224365,"z":0.17108875513076783,"w":0.510984480381012},"size":-0.43604403734207156,"orthographic":false}