{"cameraMode":{"drawMode":0,"name":"Shaded","section":"Shading Mode"},"sceneLighting":false,"audioPlay":false,"sceneViewState":{"showFog":true,"showMaterialUpdate":true,"showSkybox":false,"showFlares":true,"showImageEffects":true,"showParticleSystems":true},"in2DMode":false,"pivot":{"x":379.54876708984377,"y":160.99998474121095,"z":0.0},"rotation":{"x":-0.23943230509757996,"y":-0.6853260397911072,"z":0.25765618681907656,"w":-0.6377058625221252},"size":1099.8470458984375,"orthographic":false}