{"cameraMode":{"drawMode":0,"name":"Shaded","section":"Shading Mode"},"sceneLighting":true,"audioPlay":false,"sceneViewState":{"showFog":true,"showMaterialUpdate":false,"showSkybox":false,"showFlares":true,"showImageEffects":true,"showParticleSystems":true},"in2DMode":false,"pivot":{"x":66.25897979736328,"y":158.6106719970703,"z":63.370445251464847},"rotation":{"x":0.1989182084798813,"y":-0.11597864329814911,"z":0.005865777377039194,"w":0.9731166362762451},"size":7.293864727020264,"orthographic":false}