{"cameraMode":{"drawMode":0,"name":"Shaded","section":"Shading Mode"},"sceneLighting":false,"audioPlay":false,"sceneViewState":{"showFog":true,"showMaterialUpdate":true,"showSkybox":true,"showFlares":true,"showImageEffects":true,"showParticleSystems":true},"in2DMode":false,"pivot":{"x":-70.25276184082031,"y":259.3350830078125,"z":170.43215942382813},"rotation":{"x":0.1754682958126068,"y":-0.017982950434088708,"z":0.0031920867040753366,"w":0.9843319058418274},"size":1.3746016025543213,"orthographic":false}