{"cameraMode":{"drawMode":0,"name":"Shaded","section":"Shading Mode"},"sceneLighting":false,"audioPlay":false,"sceneViewState":{"showFog":true,"showMaterialUpdate":true,"showSkybox":false,"showFlares":true,"showImageEffects":true,"showParticleSystems":true},"in2DMode":false,"pivot":{"x":-61.5753173828125,"y":254.99655151367188,"z":134.1270751953125},"rotation":{"x":-0.10625390708446503,"y":0.8892989158630371,"z":-0.3586868345737457,"w":-0.263163298368454},"size":0.9421560168266296,"orthographic":false}