{"cameraMode":{"drawMode":0,"name":"Shaded","section":"Shading Mode"},"sceneLighting":false,"audioPlay":false,"sceneViewState":{"showFog":true,"showMaterialUpdate":true,"showSkybox":true,"showFlares":true,"showImageEffects":true,"showParticleSystems":true},"in2DMode":false,"pivot":{"x":-65.9286880493164,"y":253.07077026367188,"z":167.3432159423828},"rotation":{"x":-0.09715116769075394,"y":0.9010623097419739,"z":-0.32925790548324587,"w":-0.2651284337043762},"size":11.657230377197266,"orthographic":false}